;time;grid;healthy;dead;infected;berries
0;0;00;29.700934579439252;0.0;0.004672897196261682;0.0
1;0;01;29.912060301507537;0.0;0.005025125628140704;0.0
2;0;10;30.18653846153846;0.0;0.0;0.0
3;0;11;30.462921348314605;0.0;0.0044943820224719105;0.0
4;1;00;29.700934579439252;0.0;0.004672897196261682;0.02570093457943925
5;1;01;29.912060301507537;0.0;0.005025125628140704;0.04020100502512563
6;1;10;30.18653846153846;0.0;0.0;0.023076923076923078
7;1;11;30.462921348314605;0.0;0.0044943820224719105;0.033707865168539325
8;2;00;30.135514018691588;0.0;0.004672897196261682;0.6425233644859814
9;2;01;30.389447236180903;0.0;0.005025125628140704;0.6407035175879398
10;2;10;30.665384615384614;0.0;0.0;0.6442307692307693
11;2;11;30.95505617977528;0.0;0.0044943820224719105;0.6606741573033708
12;3;00;30.502336448598133;0.0;0.004672897196261682;0.985981308411215
13;3;01;30.723618090452263;0.0;0.005025125628140704;1.015075376884422
14;3;10;31.028846153846153;0.0;0.0;0.9980769230769231
15;3;11;31.292134831460675;0.0;0.0044943820224719105;1.006741573033708
16;4;00;30.89252336448598;0.0;0.004672897196261682;1.3878504672897196
17;4;01;31.105527638190956;0.0;0.005025125628140704;1.4170854271356783
18;4;10;31.373076923076923;0.0;0.0;1.426923076923077
19;4;11;31.67191011235955;0.0;0.0044943820224719105;1.442696629213483
20;5;00;31.156542056074766;0.0;0.004672897196261682;1.7032710280373833
21;5;01;31.402010050251256;0.0;0.005025125628140704;1.7110552763819096
22;5;10;31.68076923076923;0.0;0.0;1.7096153846153845
23;5;11;31.964044943820223;0.0;0.0044943820224719105;1.7393258426966292
24;6;00;31.44392523364486;0.0;0.004672897196261682;2.128504672897196
25;6;01;31.670854271356784;0.0;0.005025125628140704;2.1608040201005023
26;6;10;31.928846153846155;0.0;0.0;2.1942307692307694
27;6;11;32.24943820224719;0.0;0.0044943820224719105;2.191011235955056
28;7;00;31.815420560747665;0.0;0.004672897196261682;2.5163551401869158
29;7;01;32.052763819095475;0.0;0.005025125628140704;2.562814070351759
30;7;10;32.36730769230769;0.0;0.0;2.5596153846153844
31;7;11;32.63820224719101;0.0;0.0044943820224719105;2.5797752808988763
32;8;00;32.14485981308411;0.0;0.004672897196261682;2.925233644859813
33;8;01;32.414572864321606;0.0;0.005025125628140704;2.959798994974874
34;8;10;32.68076923076923;0.0;0.0;2.95
35;8;11;32.975280898876406;0.0;0.0044943820224719105;2.9820224719101125
36;9;00;32.52336448598131;0.0;0.004672897196261682;3.2570093457943927
37;9;01;32.766331658291456;0.0;0.005025125628140704;3.301507537688442
38;9;10;33.042307692307695;0.0;0.0;3.326923076923077
39;9;11;33.359550561797754;0.0;0.0044943820224719105;3.359550561797753
40;10;00;32.799065420560744;0.0;0.007009345794392523;3.675233644859813
41;10;01;33.040201005025125;0.0;0.005025125628140704;3.751256281407035
42;10;10;33.36923076923077;0.0;0.0;3.7596153846153846
43;10;11;33.66966292134831;0.0;0.0044943820224719105;3.7662921348314606
44;11;00;33.154205607476634;0.0;0.011682242990654205;4.088785046728972
45;11;01;33.42964824120603;0.0;0.005025125628140704;4.133165829145729
46;11;10;33.74038461538461;0.0;0.0;4.1461538461538465
47;11;11;34.01573033707865;0.0;0.006741573033707865;4.197752808988764
48;12;00;33.49065420560748;0.0;0.011682242990654205;4.4672897196261685
49;12;01;33.801507537688444;0.0;0.005025125628140704;4.527638190954774
50;12;10;34.08653846153846;0.0;0.0;4.555769230769231
51;12;11;34.37752808988764;0.0;0.006741573033707865;4.591011235955056
52;13;00;33.876168224299064;0.0;0.011682242990654205;4.873831775700935
53;13;01;34.13819095477387;0.0;0.007537688442211055;4.939698492462312
54;13;10;34.43076923076923;0.0;0.0;4.990384615384615
55;13;11;34.757303370786516;0.0;0.006741573033707865;5.01123595505618
56;14;00;34.19392523364486;0.0;0.011682242990654205;5.261682242990654
57;14;01;34.47487437185929;0.0;0.010050251256281407;5.3793969849246235
58;14;10;34.775;0.0;0.0;5.3865384615384615
59;14;11;35.092134831460676;0.0;0.008988764044943821;5.413483146067415
60;15;00;34.55140186915888;0.0;0.011682242990654205;5.696261682242991
61;15;01;34.834170854271356;0.0;0.010050251256281407;5.7462311557788945
62;15;10;35.15576923076923;0.0;0.0;5.8076923076923075
63;15;11;35.449438202247194;0.0;0.011235955056179775;5.871910112359551
64;16;00;34.9088785046729;0.0;0.011682242990654205;6.109813084112149
65;16;01;35.21356783919598;0.0;0.010050251256281407;6.175879396984925
66;16;10;35.50192307692308;0.0;0.0;6.203846153846154
67;16;11;35.78876404494382;0.0;0.011235955056179775;6.258426966292135
68;17;00;35.27336448598131;0.0;0.011682242990654205;6.518691588785047
69;17;01;35.54773869346734;0.0;0.010050251256281407;6.5954773869346734
70;17;10;35.878846153846155;0.0;0.0;6.642307692307693
71;17;11;36.2;0.0;0.011235955056179775;6.653932584269663
72;18;00;35.62149532710281;0.0;0.014018691588785047;6.91588785046729
73;18;01;35.9070351758794;0.0;0.010050251256281407;7.0
74;18;10;36.25769230769231;0.0;0.0;7.048076923076923
75;18;11;36.58426966292135;0.0;0.011235955056179775;7.1370786516853935
76;19;00;36.00233644859813;0.0;0.016355140186915886;7.364485981308412
77;19;01;36.30402010050251;0.0;0.010050251256281407;7.434673366834171
78;19;10;36.598076923076924;0.0;0.0;7.494230769230769
79;19;11;36.92134831460674;0.0;0.011235955056179775;7.557303370786517
80;20;00;36.33177570093458;0.0;0.018691588785046728;7.740654205607477
81;20;01;36.65577889447236;0.0;0.010050251256281407;7.846733668341709
82;20;10;37.01346153846154;0.0;0.0;7.923076923076923
83;20;11;37.30337078651685;0.0;0.011235955056179775;7.98876404494382
84;21;00;36.742990654205606;0.0;0.018691588785046728;8.203271028037383
85;21;01;37.02010050251256;0.0;0.010050251256281407;8.28643216080402
86;21;10;37.332692307692305;0.0;0.0;8.35576923076923
87;21;11;37.678651685393255;0.0;0.01348314606741573;8.41123595505618
88;22;00;37.123831775700936;0.0;0.018691588785046728;8.60981308411215
89;22;01;37.39447236180904;0.0;0.01256281407035176;8.72361809045226
90;22;10;37.746153846153845;0.0;0.0;8.78076923076923
91;22;11;38.076404494382025;0.0;0.01348314606741573;8.84943820224719
92;23;00;37.44859813084112;0.0;0.018691588785046728;9.077102803738319
93;23;01;37.756281407035175;0.0;0.01507537688442211;9.180904522613066
94;23;10;38.11730769230769;0.0;0.0;9.25576923076923
95;23;11;38.45168539325843;0.0;0.01348314606741573;9.307865168539326
96;24;00;37.83878504672897;0.0;0.018691588785046728;9.483644859813085
97;24;01;38.14321608040201;0.0;0.01507537688442211;9.592964824120603
98;24;10;38.49230769230769;0.0;0.0;9.640384615384615
99;24;11;38.83370786516854;0.0;0.01348314606741573;9.714606741573034
100;25;00;38.2196261682243;0.0;0.018691588785046728;9.91822429906542
101;25;01;38.515075376884425;0.0;0.020100502512562814;10.025125628140703
102;25;10;38.871153846153845;0.0;0.0;10.113461538461538
103;25;11;39.2247191011236;0.0;0.015730337078651686;10.18876404494382
104;26;00;38.595794392523366;0.0;0.02336448598130841;10.369158878504672
105;26;01;38.91959798994975;0.0;0.022613065326633167;10.487437185929648
106;26;10;39.26346153846154;0.0;0.0;10.553846153846154
107;26;11;39.60224719101124;0.0;0.015730337078651686;10.647191011235956
108;27;00;39.004672897196265;0.0;0.02336448598130841;10.827102803738319
109;27;01;39.311557788944725;0.0;0.022613065326633167;10.92964824120603
110;27;10;39.65384615384615;0.0;0.0;10.988461538461538
111;27;11;40.01123595505618;0.0;0.020224719101123594;11.07191011235955
112;28;00;39.34345794392523;0.0;0.02336448598130841;11.233644859813085
113;28;01;39.68090452261306;0.0;0.02512562814070352;11.394472361809045
114;28;10;40.04423076923077;0.0;0.0;11.455769230769231
115;28;11;40.375280898876404;0.0;0.02247191011235955;11.559550561797753
116;29;00;39.76401869158879;0.0;0.02570093457943925;11.710280373831775
117;29;01;40.07537688442211;0.0;0.02512562814070352;11.809045226130653
118;29;10;40.46153846153846;0.0;0.0;11.888461538461538
119;29;11;40.8;0.0;0.024719101123595506;12.006741573033707
120;30;00;40.16121495327103;0.0;0.02570093457943925;12.16822429906542
121;30;01;40.484924623115575;0.0;0.02512562814070352;12.291457286432161
122;30;10;40.85576923076923;0.0;0.0;12.384615384615385
123;30;11;41.18202247191011;0.0;0.024719101123595506;12.49438202247191
124;31;00;40.544392523364486;0.0;0.028037383177570093;12.60981308411215
125;31;01;40.87688442211055;0.0;0.02512562814070352;12.753768844221106
126;31;10;41.24038461538461;0.0;0.0;12.826923076923077
127;31;11;41.57303370786517;0.0;0.024719101123595506;12.932584269662922
128;32;00;40.90654205607477;0.0;0.028037383177570093;13.072429906542055
129;32;01;41.28643216080402;0.0;0.02512562814070352;13.190954773869347
130;32;10;41.64230769230769;0.0;0.0;13.290384615384616
131;32;11;41.99550561797753;0.0;0.02696629213483146;13.429213483146068
132;33;00;41.350467289719624;0.0;0.028037383177570093;13.530373831775702
133;33;01;41.65577889447236;0.0;0.03015075376884422;13.695979899497488
134;33;10;42.03846153846154;0.0;0.0;13.76923076923077
135;33;11;42.41348314606741;0.0;0.02696629213483146;13.892134831460675
136;34;00;41.72429906542056;0.0;0.03271028037383177;13.978971962616823
137;34;01;42.07286432160804;0.0;0.03015075376884422;14.140703517587939
138;34;10;42.47115384615385;0.0;0.0;14.246153846153845
139;34;11;42.82247191011236;0.0;0.02696629213483146;14.357303370786516
140;35;00;42.126168224299064;0.0;0.035046728971962614;14.462616822429906
141;35;01;42.50251256281407;0.0;0.03015075376884422;14.600502512562814
142;35;10;42.87692307692308;0.0;0.0;14.713461538461539
143;35;11;43.2247191011236;0.0;0.03146067415730337;14.835955056179776
144;36;00;42.54205607476636;0.0;0.035046728971962614;14.950934579439252
145;36;01;42.87185929648241;0.0;0.03015075376884422;15.090452261306533
146;36;10;43.276923076923076;0.0;0.0;15.213461538461539
147;36;11;43.63820224719101;0.0;0.035955056179775284;15.348314606741573
148;37;00;42.97429906542056;0.0;0.0397196261682243;15.422897196261681
149;37;01;43.2964824120603;0.0;0.03015075376884422;15.575376884422111
150;37;10;43.70192307692308;0.0;0.0;15.676923076923076
151;37;11;44.07415730337079;0.0;0.035955056179775284;15.808988764044944
152;38;00;43.37149532710281;0.0;0.04205607476635514;15.857476635514018
153;38;01;43.746231155778894;0.0;0.03015075376884422;16.047738693467338
154;38;10;44.14807692307692;0.0;0.0;16.159615384615385
155;38;11;44.48314606741573;0.0;0.04719101123595506;16.319101123595505
156;39;00;43.77570093457944;0.0;0.04906542056074766;16.4088785046729
157;39;01;44.14572864321608;0.0;0.03015075376884422;16.545226130653266
158;39;10;44.54423076923077;0.0;0.0;16.657692307692308
159;39;11;44.912359550561796;0.0;0.04719101123595506;16.81123595505618
160;40;00;44.203271028037385;0.0;0.0514018691588785;16.824766355140188
161;40;01;44.552763819095475;0.0;0.03015075376884422;17.032663316582916
162;40;10;44.96346153846154;0.0;0.0;17.128846153846155
163;40;11;45.325842696629216;0.0;0.04943820224719101;17.278651685393257
164;41;00;44.62850467289719;0.0;0.053738317757009345;17.350467289719628
165;41;01;44.99246231155779;0.0;0.032663316582914576;17.497487437185928
166;41;10;45.42884615384615;0.0;0.0;17.630769230769232
167;41;11;45.7752808988764;0.0;0.05393258426966292;17.817977528089887
168;42;00;45.05607476635514;0.0;0.056074766355140186;17.8411214953271
169;42;01;45.41708542713568;0.0;0.035175879396984924;17.979899497487438
170;42;10;45.82884615384615;0.0;0.0;18.15
171;42;11;46.188764044943824;0.0;0.06292134831460675;18.303370786516854
172;43;00;45.43691588785047;0.0;0.06542056074766354;18.310747663551403
173;43;01;45.84170854271357;0.0;0.03768844221105527;18.527638190954775
174;43;10;46.27307692307692;0.0;0.0;18.626923076923077
175;43;11;46.635955056179775;0.0;0.07415730337078652;18.791011235955057
176;44;00;45.901869158878505;0.0;0.06775700934579439;18.843457943925234
177;44;01;46.278894472361806;0.0;0.04271356783919598;19.015075376884422
178;44;10;46.72692307692308;0.0;0.0;19.16346153846154
179;44;11;47.05393258426966;0.0;0.08314606741573034;19.339325842696628
180;45;00;46.320093457943926;0.0;0.07242990654205607;19.317757009345794
181;45;01;46.7286432160804;0.0;0.04773869346733668;19.507537688442213
182;45;10;47.14423076923077;0.0;0.0;19.625
183;45;11;47.496629213483146;0.0;0.09887640449438202;19.82696629213483
184;46;00;46.72663551401869;0.0;0.0794392523364486;19.822429906542055
185;46;01;47.13819095477387;0.0;0.052763819095477386;20.030150753768844
186;46;10;47.61538461538461;0.0;0.0;20.171153846153846
187;46;11;47.91460674157303;0.0;0.10112359550561797;20.359550561797754
188;47;00;47.18691588785047;0.0;0.08411214953271028;20.352803738317757
189;47;01;47.5929648241206;0.0;0.05778894472361809;20.520100502512562
190;47;10;48.025;0.0;0.0;20.68076923076923
191;47;11;48.41123595505618;0.0;0.1101123595505618;20.880898876404494
192;48;00;47.63551401869159;0.0;0.09579439252336448;20.85981308411215
193;48;01;48.04522613065327;0.0;0.05778894472361809;21.042713567839197
194;48;10;48.511538461538464;0.0;0.0;21.201923076923077
195;48;11;48.82022471910113;0.0;0.12359550561797752;21.391011235955055
196;49;00;47.93457943925234;0.10046728971962617;0.10747663551401869;21.350467289719628
197;49;01;48.39698492462311;0.08542713567839195;0.06532663316582915;21.587939698492463
198;49;10;48.85192307692308;0.07115384615384615;0.0;21.740384615384617
199;49;11;49.14831460674157;0.10561797752808989;0.1393258426966292;21.914606741573035
200;50;00;48.28738317757009;0.20794392523364486;0.11214953271028037;21.904205607476637
201;50;01;48.746231155778894;0.18090452261306533;0.07035175879396985;22.087939698492463
202;50;10;49.24038461538461;0.17307692307692307;0.0;22.244230769230768
203;50;11;49.503370786516854;0.2157303370786517;0.14831460674157304;22.480898876404495
204;51;00;48.623831775700936;0.3060747663551402;0.11682242990654206;22.399532710280372
205;51;01;49.108040201005025;0.2638190954773869;0.0728643216080402;22.618090452261306
206;51;10;49.56153846153846;0.2653846153846154;0.0;22.790384615384614
207;51;11;49.831460674157306;0.3235955056179775;0.16179775280898875;22.979775280898878
208;52;00;48.98831775700935;0.3878504672897196;0.13317757009345793;22.932242990654206
209;52;01;49.50753768844221;0.3316582914572864;0.07788944723618091;23.14824120603015
210;52;10;49.92115384615385;0.38653846153846155;0.0;23.307692307692307
211;52;11;50.21797752808989;0.4067415730337079;0.17303370786516853;23.507865168539325
212;53;00;49.345794392523366;0.4719626168224299;0.1425233644859813;23.462616822429908
213;53;01;49.869346733668344;0.41959798994974873;0.0829145728643216;23.690954773869347
214;53;10;50.275;0.4980769230769231;0.0;23.825
215;53;11;50.57528089887641;0.4898876404494382;0.1842696629213483;24.094382022471912
216;54;00;49.70794392523364;0.5490654205607477;0.1588785046728972;23.976635514018692
217;54;01;50.268844221105525;0.4824120603015075;0.08542713567839195;24.21105527638191
218;54;10;50.625;0.6173076923076923;0.0;24.375
219;54;11;50.93707865168539;0.5797752808988764;0.2;24.6
220;55;00;50.044392523364486;0.6728971962616822;0.1658878504672897;24.511682242990656
221;55;01;50.60050251256281;0.5904522613065326;0.08793969849246232;24.781407035175878
222;55;10;50.98653846153846;0.7307692307692307;0.0;24.94423076923077
223;55;11;51.31011235955056;0.6853932584269663;0.2157303370786517;25.13932584269663
224;56;00;50.41822429906542;0.764018691588785;0.17990654205607476;25.05140186915888
225;56;01;50.95477386934673;0.7135678391959799;0.09547738693467336;25.27386934673367
226;56;10;51.34230769230769;0.8384615384615385;0.0;25.448076923076922
227;56;11;51.61123595505618;0.8134831460674158;0.2449438202247191;25.712359550561796
228;57;00;50.782710280373834;0.8411214953271028;0.18691588785046728;25.602803738317757
229;57;01;51.321608040201006;0.8165829145728644;0.10552763819095477;25.84170854271357
230;57;10;51.71730769230769;0.9538461538461539;0.0;26.032692307692308
231;57;11;51.95730337078652;0.9168539325842696;0.2606741573033708;26.258426966292134
232;58;00;51.11915887850467;0.955607476635514;0.205607476635514;26.14485981308411
233;58;01;51.70854271356784;0.8919597989949749;0.11557788944723618;26.396984924623116
234;58;10;52.07884615384615;1.0557692307692308;0.0;26.56153846153846
235;58;11;52.37752808988764;1.0;0.2786516853932584;26.804494382022472
236;59;00;51.49065420560748;1.0397196261682242;0.22897196261682243;26.69158878504673
237;59;01;52.08793969849246;0.9849246231155779;0.12311557788944724;26.939698492462313
238;59;10;52.48653846153846;1.15;0.0;27.125
239;59;11;52.73033707865169;1.0808988764044944;0.31235955056179776;27.4
240;60;00;51.88551401869159;1.1214953271028036;0.24766355140186916;27.247663551401867
241;60;01;52.484924623115575;1.0678391959798994;0.12814070351758794;27.51005025125628
242;60;10;52.832692307692305;1.2826923076923078;0.0;27.709615384615386
243;60;11;53.12134831460674;1.1752808988764045;0.33707865168539325;27.97303370786517
244;61;00;52.257009345794394;1.1985981308411215;0.2733644859813084;27.838785046728972
245;61;01;52.84924623115578;1.193467336683417;0.13316582914572864;28.09045226130653
246;61;10;53.23076923076923;1.376923076923077;0.0;28.25769230769231
247;61;11;53.496629213483146;1.2674157303370785;0.3595505617977528;28.50561797752809
248;62;00;52.6588785046729;1.2850467289719627;0.3014018691588785;28.343457943925234
249;62;01;53.25879396984924;1.2939698492462313;0.1407035175879397;28.605527638190956
250;62;10;53.64230769230769;1.4692307692307693;0.0;28.848076923076924
251;62;11;53.826966292134834;1.3573033707865167;0.4134831460674157;29.152808988764043
252;63;00;53.00934579439252;1.3785046728971964;0.338785046728972;28.94626168224299
253;63;01;53.618090452261306;1.3819095477386936;0.1457286432160804;29.233668341708544
254;63;10;54.025;1.5653846153846154;0.0;29.4
255;63;11;54.26067415730337;1.4539325842696629;0.44269662921348313;29.680898876404495
256;64;00;53.39018691588785;1.4672897196261683;0.36682242990654207;29.52570093457944
257;64;01;54.10050251256281;1.449748743718593;0.14824120603015076;29.79396984924623
258;64;10;54.426923076923075;1.6903846153846154;0.0;30.009615384615383
259;64;11;54.60224719101124;1.5415730337078652;0.4898876404494382;30.30561797752809
260;65;00;53.742990654205606;1.5817757009345794;0.40420560747663553;30.102803738317757
261;65;01;54.46733668341709;1.5452261306532664;0.16834170854271358;30.376884422110553
262;65;10;54.832692307692305;1.7807692307692307;0.0;30.58269230769231
263;65;11;54.959550561797755;1.6471910112359551;0.5325842696629214;30.876404494382022
264;66;00;54.09345794392523;1.6939252336448598;0.4392523364485981;30.686915887850468
265;66;01;54.88944723618091;1.6180904522613064;0.17839195979899497;30.987437185929647
266;66;10;55.25961538461539;1.8807692307692307;0.0;31.159615384615385
267;66;11;55.32808988764045;1.743820224719101;0.6;31.48314606741573
268;67;00;54.4696261682243;1.8037383177570094;0.4719626168224299;31.266355140186917
269;67;01;55.28894472361809;1.7236180904522613;0.1884422110552764;31.55778894472362
270;67;10;55.659615384615385;1.9846153846153847;0.0;31.771153846153847
271;67;11;55.687640449438206;1.849438202247191;0.6629213483146067;32.08988764044944
272;68;00;54.86915887850467;1.894859813084112;0.4883177570093458;31.85981308411215
273;68;01;55.70603015075377;1.8115577889447236;0.1984924623115578;32.14572864321608
274;68;10;56.075;2.0942307692307693;0.0;32.36923076923077
275;68;11;56.04494382022472;1.939325842696629;0.7325842696629213;32.651685393258425
276;69;00;55.21495327102804;2.0233644859813085;0.5233644859813084;32.44392523364486
277;69;01;56.08793969849246;1.9447236180904524;0.21105527638190955;32.76130653266332
278;69;10;56.48653846153846;2.1942307692307694;0.0;32.96730769230769
279;69;11;56.4;2.051685393258427;0.8067415730337079;33.30561797752809
280;70;00;55.5911214953271;2.1401869158878504;0.5794392523364486;33.074766355140184
281;70;01;56.48743718592965;2.050251256281407;0.228643216080402;33.37688442211055
282;70;10;56.93846153846154;2.296153846153846;0.0;33.59423076923077
283;70;11;56.73033707865169;2.1595505617977526;0.8966292134831461;33.92134831460674
284;71;00;55.96261682242991;2.2149532710280373;0.633177570093458;33.67289719626168
285;71;01;56.88944723618091;2.14070351758794;0.24623115577889448;33.969849246231156
286;71;10;57.39230769230769;2.378846153846154;0.0;34.21153846153846
287;71;11;57.056179775280896;2.253932584269663;1.0134831460674156;34.523595505617976
288;72;00;56.35280373831776;2.3014018691588785;0.6915887850467289;34.29205607476636
289;72;01;57.334170854271356;2.228643216080402;0.2613065326633166;34.608040201005025
290;72;10;57.81923076923077;2.476923076923077;0.0;34.80384615384615
291;72;11;57.42696629213483;2.348314606741573;1.0921348314606742;35.173033707865166
292;73;00;56.717289719626166;2.411214953271028;0.7523364485981309;34.91355140186916
293;73;01;57.766331658291456;2.341708542713568;0.27889447236180903;35.21859296482412
294;73;10;58.25;2.5846153846153848;0.0;35.46730769230769
295;73;11;57.7438202247191;2.440449438202247;1.2314606741573033;35.77078651685393
296;74;00;57.08411214953271;2.5070093457943927;0.8294392523364486;35.52803738317757
297;74;01;58.17085427135678;2.419597989949749;0.31155778894472363;35.85929648241206
298;74;10;58.676923076923075;2.6980769230769233;0.0;36.103846153846156
299;74;11;58.092134831460676;2.541573033707865;1.3348314606741574;36.45168539325843
300;75;00;57.47663551401869;2.5841121495327104;0.9205607476635514;36.14719626168224
301;75;01;58.57537688442211;2.5326633165829144;0.35175879396984927;36.484924623115575
302;75;10;59.13846153846154;2.8076923076923075;0.0;36.7
303;75;11;58.42022471910112;2.640449438202247;1.4808988764044944;37.065168539325846
304;76;00;57.81308411214953;2.677570093457944;1.0070093457943925;36.77803738317757
305;76;01;58.98994974874372;2.6608040201005023;0.36683417085427134;37.12814070351759
306;76;10;59.613461538461536;2.9096153846153845;0.0;37.378846153846155
307;76;11;58.667415730337076;2.7685393258426965;1.6269662921348316;37.72808988764045
308;77;00;58.1892523364486;2.77803738317757;1.1074766355140186;37.425233644859816
309;77;01;59.41959798994975;2.751256281407035;0.40954773869346733;37.7713567839196
310;77;10;60.04038461538462;3.003846153846154;0.0;38.01923076923077
311;77;11;59.01573033707865;2.8606741573033707;1.8022471910112359;38.37752808988764
312;78;00;58.518691588785046;2.880841121495327;1.2242990654205608;38.05373831775701
313;78;01;59.82914572864322;2.85678391959799;0.44974874371859297;38.41708542713568
314;78;10;60.55769230769231;3.0961538461538463;0.0;38.659615384615385
315;78;11;59.28314606741573;2.966292134831461;1.9730337078651685;39.03595505617977
316;79;00;58.848130841121495;2.9929906542056073;1.3341121495327102;38.70794392523364
317;79;01;60.233668341708544;2.9648241206030153;0.4849246231155779;39.06532663316583
318;79;10;60.97115384615385;3.207692307692308;0.0;39.32692307692308
319;79;11;59.55280898876404;3.060674157303371;2.195505617977528;39.71685393258427
320;80;00;59.191588785046726;3.0841121495327104;1.4649532710280373;39.36682242990654
321;80;01;60.70854271356784;3.0477386934673367;0.5226130653266332;39.71105527638191
322;80;10;61.49807692307692;3.292307692307692;0.0;40.00769230769231
323;80;11;59.82921348314607;3.143820224719101;2.3797752808988766;40.352808988764046
324;81;00;59.5;3.1869158878504673;1.644859813084112;40.004672897196265
325;81;01;61.10552763819096;3.1683417085427137;0.5728643216080402;40.38944723618091
326;81;10;61.94423076923077;3.4096153846153845;0.0;40.65384615384615
327;81;11;60.05842696629213;3.262921348314607;2.6449438202247193;41.051685393258424
328;82;00;59.799065420560744;3.2873831775700935;1.8060747663551402;40.705607476635514
329;82;01;61.55527638190955;3.2814070351758793;0.6130653266331658;41.09045226130653
330;82;10;62.4;3.5134615384615384;0.0;41.35192307692308
331;82;11;60.21348314606742;3.3887640449438203;2.957303370786517;41.69662921348315
332;83;00;60.095794392523366;3.385514018691589;1.9906542056074767;41.32710280373832
333;83;01;61.947236180904525;3.379396984924623;0.6608040201005025;41.76130653266332
334;83;10;62.93653846153846;3.601923076923077;0.0;42.011538461538464
335;83;11;60.36179775280899;3.4853932584269662;3.2808988764044944;42.39550561797753
336;84;00;60.39485981308411;3.4929906542056073;2.175233644859813;42.05140186915888
337;84;01;62.39447236180904;3.4849246231155777;0.7311557788944724;42.41959798994975
338;84;10;63.41346153846154;3.7153846153846155;0.0;42.71153846153846
339;84;11;60.46067415730337;3.5977528089887643;3.662921348314607;43.06741573033708
340;85;00;60.63084112149533;3.621495327102804;2.371495327102804;42.69626168224299
341;85;01;62.801507537688444;3.6055276381909547;0.7964824120603015;43.108040201005025
342;85;10;63.917307692307695;3.7865384615384614;0.0;43.38076923076923
343;85;11;60.60674157303371;3.710112359550562;4.0;43.764044943820224
344;86;00;60.91355140186916;3.703271028037383;2.6051401869158877;43.39252336448598
345;86;01;63.22361809045226;3.6959798994974875;0.8869346733668342;43.811557788944725
346;86;10;64.45769230769231;3.8846153846153846;0.0;44.121153846153845
347;86;11;60.69662921348315;3.8247191011235957;4.413483146067415;44.45168539325843
348;87;00;61.13084112149533;3.808411214953271;2.8878504672897196;44.07710280373832
349;87;01;63.67085427135678;3.7939698492462313;0.9522613065326633;44.494974874371856
350;87;10;64.99807692307692;3.9673076923076924;0.0;44.81923076923077
351;87;11;60.752808988764045;3.9348314606741575;4.840449438202247;45.13707865168539
352;88;00;61.30373831775701;3.9228971962616823;3.203271028037383;44.757009345794394
353;88;01;64.03768844221105;3.909547738693467;1.0402010050251256;45.20854271356784
354;88;10;65.47692307692307;4.05;0.0;45.54423076923077
355;88;11;60.811235955056176;4.020224719101123;5.325842696629214;45.86292134831461
356;89;00;61.48364485981308;4.018691588785047;3.5233644859813085;45.4696261682243
357;89;01;64.46733668341709;3.992462311557789;1.1658291457286432;45.89949748743719
358;89;10;65.99807692307692;4.1692307692307695;0.0;46.225
359;89;11;60.7123595505618;4.080898876404494;5.966292134831461;46.58651685393259
360;90;00;61.58644859813084;4.109813084112149;3.927570093457944;46.16588785046729
361;90;01;64.9070351758794;4.0879396984924625;1.2537688442211055;46.57286432160804
362;90;10;66.53076923076924;4.275;0.0;46.97115384615385
363;90;11;60.557303370786514;4.166292134831461;6.658426966292135;47.29438202247191
364;91;00;61.74766355140187;4.1985981308411215;4.313084112149533;46.876168224299064
365;91;01;65.35929648241206;4.148241206030151;1.3693467336683418;47.35175879396985
366;91;10;67.0673076923077;4.376923076923077;0.0;47.67884615384615
367;91;11;60.321348314606745;4.280898876404494;7.379775280898876;48.00449438202247
368;92;00;61.820093457943926;4.336448598130841;4.712616822429907;47.56308411214953
369;92;01;65.77638190954774;4.251256281407035;1.484924623115578;48.05778894472362
370;92;10;67.60576923076923;4.471153846153846;0.0;48.42884615384615
371;92;11;60.092134831460676;4.3752808988764045;8.182022471910113;48.725842696629215
372;93;00;61.9088785046729;4.420560747663552;5.175233644859813;48.30607476635514
373;93;01;66.15829145728644;4.3542713567839195;1.6281407035175879;48.79145728643216
374;93;10;68.11153846153846;4.582692307692308;0.0;49.16538461538462
375;93;11;59.741573033707866;4.467415730337079;9.040449438202247;49.4561797752809
376;94;00;61.84345794392523;4.542056074766355;5.719626168224299;49.0303738317757
377;94;01;66.52763819095478;4.452261306532663;1.763819095477387;49.52512562814071
378;94;10;68.725;4.667307692307692;0.0;49.90384615384615
379;94;11;59.27865168539326;4.5662921348314605;10.03820224719101;50.2
380;95;00;61.74766355140187;4.656542056074766;6.352803738317757;49.75233644859813
381;95;01;66.94974874371859;4.567839195979899;1.914572864321608;50.28391959798995
382;95;10;69.2826923076923;4.755769230769231;0.0;50.65384615384615
383;95;11;58.768539325842696;4.658426966292135;11.098876404494382;50.92134831460674
384;96;00;61.56308411214953;4.787383177570093;7.014018691588785;50.478971962616825
385;96;01;67.29145728643216;4.688442211055277;2.0728643216080402;51.027638190954775
386;96;10;69.80384615384615;4.867307692307692;0.0;51.41923076923077
387;96;11;58.08539325842697;4.764044943820225;12.30561797752809;51.6561797752809
388;97;00;61.41822429906542;4.878504672897196;7.7266355140186915;51.22429906542056
389;97;01;67.63316582914572;4.773869346733668;2.3266331658291457;51.778894472361806
390;97;10;70.36730769230769;4.963461538461538;0.0;52.190384615384616
391;97;11;57.36179775280899;4.885393258426967;13.559550561797753;52.4
392;98;00;61.22663551401869;4.9672897196261685;8.44392523364486;51.94626168224299
393;98;01;67.97989949748744;4.866834170854271;2.5527638190954773;52.52261306532663
394;98;10;70.96346153846154;5.071153846153846;0.0;52.975
395;98;11;56.530337078651684;4.952808988764045;14.946067415730337;53.141573033707864
396;99;00;60.901869158878505;5.025700934579439;9.373831775700934;52.677570093457945
397;99;01;68.26130653266331;4.949748743718593;2.849246231155779;53.32914572864322
398;99;10;71.5;5.1692307692307695;0.0;53.75576923076923
399;99;11;55.476404494382024;5.098876404494382;16.503370786516854;53.85168539325843
400;100;00;60.41822429906542;5.11214953271028;10.38785046728972;53.44626168224299
401;100;01;68.48994974874371;5.060301507537688;3.1557788944723617;54.08040201005025
402;100;10;72.11153846153846;5.275;0.0;54.53269230769231
403;100;11;54.438202247191015;5.2089887640449435;18.094382022471912;54.6
404;101;00;59.88785046728972;5.170560747663552;11.546728971962617;54.191588785046726
405;101;01;68.69849246231156;5.183417085427136;3.527638190954774;54.879396984924625
406;101;10;72.68076923076923;5.384615384615385;0.0;55.33076923076923
407;101;11;53.21123595505618;5.28314606741573;19.87191011235955;55.379775280898876
408;102;00;59.26401869158879;5.268691588785047;12.66588785046729;54.941588785046726
409;102;01;68.89698492462311;5.268844221105527;3.899497487437186;55.62311557788945
410;102;10;73.25;5.492307692307692;0.0;56.14038461538462
411;102;11;51.8561797752809;5.3865168539325845;21.779775280898875;56.13258426966292
412;103;00;58.549065420560744;5.373831775700935;13.990654205607477;55.69626168224299
413;103;01;69.08542713567839;5.344221105527638;4.3291457286432165;56.449748743718594
414;103;10;73.84807692307692;5.596153846153846;0.0;56.93269230769231
415;103;11;50.391011235955055;5.487640449438202;23.779775280898875;56.87191011235955
416;104;00;57.86682242990654;5.457943925233645;15.24766355140187;56.46028037383178
417;104;01;69.14321608040201;5.467336683417085;4.8291457286432165;57.246231155778894
418;104;10;74.47692307692307;5.698076923076923;0.0;57.76346153846154
419;104;11;48.8561797752809;5.5662921348314605;25.905617977528088;57.620224719101124
420;105;00;56.85981308411215;5.565420560747664;16.792056074766354;57.228971962616825
421;105;01;69.15829145728644;5.590452261306533;5.396984924623116;58.03266331658291
422;105;10;75.07692307692308;5.798076923076923;0.0;58.57692307692308
423;105;11;47.15955056179775;5.662921348314606;28.1438202247191;58.364044943820225
424;106;00;55.87149532710281;5.661214953271028;18.338785046728972;57.98598130841121
425;106;01;69.12814070351759;5.71356783919598;5.974874371859296;58.84170854271357
426;106;10;75.67692307692307;5.9;0.0;59.42307692307692
427;106;11;45.30786516853932;5.764044943820225;30.552808988764045;59.114606741573034
428;107;00;54.675233644859816;5.764018691588785;20.098130841121495;58.768691588785046
429;107;01;69.07035175879398;5.809045226130653;6.628140703517588;59.64321608040201
430;107;10;76.31153846153846;6.007692307692308;0.0;60.223076923076924
431;107;11;43.19550561797753;5.853932584269663;33.215730337078654;59.858426966292136
432;108;00;53.32943925233645;5.885514018691588;21.983644859813083;59.50934579439252
433;108;01;68.98743718592965;5.9120603015075375;7.339195979899498;60.462311557788944
434;108;10;76.92692307692307;6.109615384615385;0.0;61.075
435;108;11;41.204494382022474;5.957303370786517;35.75955056179775;60.597752808988766
436;109;00;51.91121495327103;5.983644859813084;23.988317757009344;60.26635514018692
437;109;01;68.74874371859296;6.007537688442211;8.21608040201005;61.28391959798995
438;109;10;77.56346153846154;6.209615384615384;0.0;61.940384615384616
439;109;11;39.119101123595506;6.0292134831460675;38.42247191011236;61.364044943820225
440;110;00;50.35747663551402;6.072429906542056;26.093457943925234;61.05140186915888
441;110;01;68.43969849246231;6.123115577889447;9.092964824120603;62.10552763819096
442;110;10;78.20961538461539;6.292307692307692;0.0;62.79807692307692
443;110;11;36.948314606741576;6.152808988764045;41.114606741573034;62.092134831460676
444;111;00;48.60747663551402;6.154205607476635;28.439252336448597;61.81308411214953
445;111;01;68.13819095477388;6.206030150753769;10.055276381909549;62.96733668341709
446;111;10;78.88846153846154;6.388461538461539;0.0;63.64423076923077
447;111;11;34.842696629213485;6.2314606741573035;43.77752808988764;62.85168539325843
448;112;00;46.92056074766355;6.25;30.66588785046729;62.59345794392523
449;112;01;67.69095477386935;6.331658291457287;11.080402010050252;63.801507537688444
450;112;10;79.53653846153846;6.507692307692308;0.0;64.52115384615385
451;112;11;32.73483146067416;6.316853932584269;46.4561797752809;63.561797752808985
452;113;00;45.09345794392523;6.341121495327103;33.11214953271028;63.33644859813084
453;113;01;67.14070351758794;6.437185929648241;12.266331658291458;64.6356783919598
454;113;10;80.16346153846153;6.609615384615385;0.0;65.42692307692307
455;113;11;30.543820224719102;6.4112359550561795;49.18651685393258;64.34157303370786
456;114;00;42.941588785046726;6.450934579439252;35.78504672897196;64.12383177570094
457;114;01;66.42462311557789;6.565326633165829;13.5678391959799;65.48492462311557
458;114;10;80.825;6.709615384615384;0.0;66.29038461538461
459;114;11;28.537078651685395;6.512359550561798;51.71685393258427;65.05168539325842
460;115;00;40.96495327102804;6.5607476635514015;38.36214953271028;64.93457943925233
461;115;01;65.71608040201005;6.6708542713567835;14.917085427135678;66.27386934673366
462;115;10;81.48653846153846;6.828846153846154;0.0;67.18076923076923
463;115;11;26.476404494382024;6.6359550561797755;54.29662921348314;65.78651685393258
464;116;00;38.754672897196265;6.677570093457944;41.08177570093458;65.67523364485982
465;116;01;64.67336683417085;6.776381909547739;16.58542713567839;67.15829145728644
466;116;10;82.17884615384615;6.921153846153846;0.0;68.08653846153847
467;116;11;24.579775280898875;6.71685393258427;56.7438202247191;66.54606741573033
468;117;00;36.5607476635514;6.740654205607477;43.89252336448598;66.43691588785046
469;117;01;63.60301507537689;6.884422110552764;18.28894472361809;68.01256281407035
470;117;10;82.8423076923077;7.032692307692308;0.0;68.99230769230769
471;117;11;22.874157303370787;6.835955056179776;58.975280898876406;67.27191011235955
472;118;00;34.44859813084112;6.859813084112149;46.55373831775701;67.16121495327103
473;118;01;62.462311557788944;6.984924623115578;20.05778894472362;68.86683417085428
474;118;10;83.50576923076923;7.155769230769231;0.0;69.91538461538461
475;118;11;20.8561797752809;6.914606741573034;61.53258426966292;68.00224719101124
476;119;00;32.32710280373832;6.960280373831775;49.217289719626166;67.93691588785046
477;119;01;61.21859296482412;7.085427135678392;21.91959798994975;69.72361809045226
478;119;10;84.22692307692307;7.2288461538461535;0.0;70.87307692307692
479;119;11;19.159550561797754;6.98876404494382;63.8;68.71910112359551
480;120;00;30.214953271028037;7.053738317757009;51.899532710280376;68.69158878504673
481;120;01;59.7964824120603;7.193467336683417;23.997487437185928;70.54773869346734
482;120;10;84.90192307692308;7.3403846153846155;0.0;71.78461538461538
483;120;11;17.624719101123596;7.092134831460674;65.87191011235954;69.45168539325843
484;121;00;28.0303738317757;7.147196261682243;54.61915887850467;69.45560747663552
485;121;01;57.97487437185929;7.341708542713568;26.412060301507537;71.45979899497488
486;121;10;85.62884615384615;7.417307692307692;0.0;72.725
487;121;11;16.08314606741573;7.186516853932584;67.95505617977528;70.20898876404495
488;122;00;26.063084112149532;7.219626168224299;57.191588785046726;70.23130841121495
489;122;01;56.26130653266332;7.442211055276382;28.781407035175878;72.32412060301507
490;122;10;86.31923076923077;7.526923076923077;0.0;73.66730769230769
491;122;11;14.662921348314606;7.310112359550562;69.87415730337078;70.9123595505618
492;123;00;24.186915887850468;7.3107476635514015;59.60981308411215;70.98364485981308
493;123;01;54.45728643216081;7.527638190954774;31.236180904522612;73.1608040201005
494;123;10;87.03461538461538;7.638461538461539;0.0;74.61346153846154
495;123;11;13.408988764044944;7.379775280898876;71.6808988764045;71.62921348314607
496;124;00;22.464953271028037;7.413551401869159;61.92056074766355;71.71028037383178
497;124;01;52.447236180904525;7.613065326633166;33.891959798994975;74.0251256281407
498;124;10;87.75961538461539;7.744230769230769;0.0;75.57115384615385
499;124;11;12.249438202247191;7.480898876404495;73.37078651685393;72.37752808988765
500;125;00;20.64485981308411;7.497663551401869;64.29672897196262;72.46495327102804
501;125;01;50.268844221105525;7.6959798994974875;36.731155778894475;74.88693467336684
502;125;10;88.45769230769231;7.838461538461538;0.0;76.55576923076923
503;125;11;11.271910112359551;7.593258426966292;74.86067415730336;73.0876404494382
504;126;00;18.97897196261682;7.607476635514018;66.46261682242991;73.20794392523365
505;126;01;47.94472361809045;7.796482412060302;39.69597989949749;75.75125628140704
506;126;10;89.1826923076923;7.934615384615385;0.0;77.55
507;126;11;10.36179775280899;7.689887640449438;76.29662921348314;73.80898876404494
508;127;00;17.455607476635514;7.707943925233645;68.57943925233644;73.93691588785046
509;127;01;45.494974874371856;7.907035175879397;42.768844221105525;76.59547738693468
510;127;10;89.89807692307693;8.046153846153846;0.0;78.56153846153846
511;127;11;9.671910112359551;7.797752808988764;77.50561797752809;74.52584269662921
512;128;00;15.88785046728972;7.803738317757009;70.69626168224299;74.73598130841121
513;128;01;43.03266331658291;7.984924623115578;45.881909547738694;77.42211055276383
514;128;10;90.61923076923077;8.142307692307693;0.0;79.54230769230769
515;128;11;8.910112359550562;7.912359550561797;78.79550561797753;75.26516853932584
516;129;00;14.742990654205608;7.88785046728972;72.39953271028037;75.44158878504673
517;129;01;40.665829145728644;8.077889447236181;48.902010050251256;78.29899497487438
518;129;10;91.36730769230769;8.234615384615385;0.0;80.53846153846153
519;129;11;8.325842696629213;8.02247191011236;79.88764044943821;76.00898876404494
520;130;00;13.577102803738319;7.985981308411215;74.09345794392523;76.2266355140187
521;130;01;38.178391959798994;8.155778894472363;52.04271356783919;79.16331658291458
522;130;10;92.11923076923077;8.326923076923077;0.0;81.55576923076923
523;130;11;7.842696629213483;8.148314606741573;80.85617977528089;76.70786516853933
524;131;00;12.570093457943925;8.091121495327103;75.67289719626169;76.95560747663552
525;131;01;35.52261306532663;8.266331658291458;55.30653266331658;80.01256281407035
526;131;10;92.89038461538462;8.409615384615385;0.0;82.61153846153846
527;131;11;7.373033707865169;8.258426966292134;81.83595505617977;77.4
528;132;00;11.63785046728972;8.212616822429906;77.10981308411215;77.70560747663552
529;132;01;33.21608040201005;8.376884422110553;58.25879396984924;80.84673366834171
530;132;10;93.59807692307692;8.51923076923077;0.0;83.64038461538462
531;132;11;7.062921348314607;8.359550561797754;82.69662921348315;78.13932584269664
532;133;00;10.880841121495328;8.287383177570094;78.45560747663552;78.4392523364486
533;133;01;30.685929648241206;8.459798994974875;61.43467336683417;81.68341708542714
534;133;10;94.32692307692308;8.601923076923077;0.0;84.70192307692308
535;133;11;6.739325842696629;8.444943820224719;83.54831460674157;78.86966292134831
536;134;00;10.172897196261681;8.392523364485982;79.69626168224299;79.17990654205607
537;134;01;28.535175879396984;8.537688442211055;64.2462311557789;82.53768844221105
538;134;10;95.08461538461539;8.698076923076924;0.0;85.7326923076923
539;134;11;6.476404494382022;8.52808988764045;84.3438202247191;79.58651685393258
540;135;00;9.439252336448599;8.481308411214954;80.9766355140187;79.93691588785046
541;135;01;26.183417085427134;8.64321608040201;67.22361809045226;83.39698492462311
542;135;10;95.84038461538462;8.801923076923076;0.0;86.80192307692307
543;135;11;6.233707865168539;8.642696629213484;85.09662921348314;80.29438202247191
544;136;00;8.857476635514018;8.570093457943925;82.10280373831776;80.6822429906542
545;136;01;24.08542713567839;8.733668341708542;69.92462311557789;84.25125628140704
546;136;10;96.58653846153847;8.89423076923077;0.0;87.86346153846154
547;136;11;5.977528089887641;8.73932584269663;85.84269662921348;80.99325842696629
548;137;00;8.33177570093458;8.661214953271028;83.17990654205607;81.4088785046729
549;137;01;22.223618090452263;8.834170854271356;72.4321608040201;85.08040201005025
550;137;10;97.29038461538461;9.011538461538462;0.0;88.9326923076923
551;137;11;5.887640449438202;8.860674157303372;86.45393258426967;81.70561797752809
552;138;00;7.838785046728972;8.782710280373832;84.19158878504673;82.13317757009345
553;138;01;20.42964824120603;8.9321608040201;74.85929648241206;85.89447236180905
554;138;10;98.03653846153846;9.111538461538462;0.0;90.06538461538462
555;138;11;5.784269662921348;8.952808988764044;87.08089887640449;82.42022471910113
556;139;00;7.436915887850467;8.901869158878505;85.10046728971963;82.90654205607477
557;139;01;18.718592964824122;9.022613065326633;77.21608040201005;86.7462311557789
558;139;10;98.76346153846154;9.223076923076922;0.0;91.10576923076923
559;139;11;5.656179775280899;9.029213483146068;87.71460674157304;83.1370786516854
560;140;00;7.088785046728972;8.962616822429906;86.03971962616822;83.62383177570094
561;140;01;17.28643216080402;9.115577889447236;79.26633165829146;87.56030150753769
562;140;10;99.51923076923077;9.351923076923077;0.0;92.22692307692307
563;140;11;5.602247191011236;9.121348314606742;88.29887640449438;83.81348314606741
564;141;00;6.857476635514018;9.074766355140186;86.79439252336448;84.39719626168224
565;141;01;15.826633165829145;9.21356783919598;81.35175879396985;88.42462311557789
566;141;10;100.28461538461538;9.430769230769231;0.0;93.36346153846154
567;141;11;5.555056179775281;9.220224719101124;88.83370786516853;84.50337078651685
568;142;00;6.710280373831775;9.163551401869158;87.51401869158879;85.12616822429906
569;142;01;14.592964824120603;9.301507537688442;83.2035175879397;89.2462311557789
570;142;10;101.02115384615385;9.509615384615385;0.0;94.46346153846154
571;142;11;5.564044943820225;9.323595505617977;89.31685393258427;85.20898876404495
572;143;00;6.577102803738318;9.257009345794392;88.17289719626169;85.81542056074767
573;143;01;13.43467336683417;9.407035175879397;85.00251256281408;90.09798994974874
574;143;10;101.77692307692308;9.615384615384615;0.0;95.61153846153846
575;143;11;5.582022471910112;9.435955056179775;89.80898876404494;85.86516853932584
576;144;00;6.432242990654205;9.32943925233645;88.87383177570094;86.58878504672897
577;144;01;12.35678391959799;9.49497487437186;86.69849246231156;90.94723618090453
578;144;10;102.525;9.696153846153846;0.0;96.75
579;144;11;5.492134831460674;9.546067415730336;90.32134831460674;86.53707865168539
580;145;00;6.25;9.448598130841122;89.5303738317757;87.30373831775701
581;145;01;11.42713567839196;9.592964824120603;88.29396984924622;91.77638190954774
582;145;10;103.24423076923077;9.821153846153846;0.0;97.88076923076923
583;145;11;5.532584269662921;9.626966292134831;90.78876404494382;87.20449438202247
584;146;00;6.252336448598131;9.55373831775701;90.10514018691589;88.00934579439253
585;146;01;10.542713567839195;9.683417085427136;89.76633165829146;92.58291457286433
586;146;10;103.96153846153847;9.942307692307692;0.0;99.0576923076923
587;146;11;5.597752808988764;9.70561797752809;91.2561797752809;87.88988764044944
588;147;00;6.077102803738318;9.61448598130841;90.81308411214954;88.7266355140187
589;147;01;9.879396984924623;9.773869346733669;91.07286432160804;93.44472361809045
590;147;10;104.7173076923077;10.040384615384616;0.0;100.23653846153846
591;147;11;5.6134831460674155;9.815730337078652;91.67415730337079;88.54606741573033
592;148;00;6.11214953271028;9.728971962616823;91.29439252336448;89.42056074766356
593;148;01;9.175879396984925;9.871859296482413;92.38190954773869;94.26633165829146
594;148;10;105.48653846153846;10.128846153846155;0.0;101.43653846153846
595;148;11;5.689887640449438;9.914606741573033;92.08089887640449;89.14157303370787
596;149;00;6.035046728971962;9.848130841121495;91.8411214953271;90.14018691588785
597;149;01;8.603015075376884;9.967336683417086;93.5929648241206;95.11809045226131
598;149;10;106.20384615384616;10.234615384615385;0.0;102.6076923076923
599;149;11;5.698876404494382;10.017977528089888;92.52134831460674;89.86741573033707
600;150;00;6.109813084112149;9.948598130841122;92.27570093457943;90.84345794392523
601;150;01;8.208542713567839;10.07035175879397;94.59045226130654;95.93718592964824
602;150;10;106.93076923076923;10.330769230769231;0.0;103.79038461538461
603;150;11;5.7438202247191015;10.134831460674157;92.93033707865169;90.46516853932584
604;151;00;6.107476635514018;10.039719626168225;92.78738317757009;91.55140186915888
605;151;01;7.874371859296482;10.170854271356784;95.56532663316582;96.75628140703517
606;151;10;107.64615384615385;10.442307692307692;0.0;105.01538461538462
607;151;11;5.840449438202247;10.251685393258427;93.28539325842696;91.13258426966293
608;152;00;6.140186915887851;10.149532710280374;93.25700934579439;92.23831775700934
609;152;01;7.550251256281407;10.261306532663317;96.48743718592965;97.59045226130654
610;152;10;108.41730769230769;10.528846153846153;0.0;106.24230769230769
611;152;11;5.948314606741573;10.359550561797754;93.59550561797752;91.77303370786517
612;153;00;6.19392523364486;10.231308411214954;93.69392523364486;92.85747663551402
613;153;01;7.331658291457287;10.344221105527637;97.36934673366834;98.39447236180905
614;153;10;109.12884615384615;10.642307692307693;0.0;107.45384615384616
615;153;11;6.128089887640449;10.469662921348315;93.86741573033707;92.43370786516854
616;154;00;6.233644859813084;10.317757009345794;94.16355140186916;93.58878504672897
617;154;01;7.0879396984924625;10.467336683417086;98.18341708542714;99.22110552763819
618;154;10;109.90384615384616;10.707692307692307;0.0;108.70576923076923
619;154;11;6.249438202247191;10.591011235955056;94.18651685393259;93.05168539325842
620;155;00;6.287383177570093;10.392523364485982;94.6355140186916;94.23130841121495
621;155;01;6.851758793969849;10.5678391959799;99.02763819095478;100.05527638190955
622;155;10;110.61538461538461;10.832692307692307;0.0;109.94423076923077
623;155;11;6.359550561797753;10.680898876404495;94.50561797752809;93.67640449438203
624;156;00;6.308411214953271;10.485981308411215;95.08177570093459;94.92757009345794
625;156;01;6.701005025125628;10.695979899497488;99.76130653266331;100.88693467336684
626;156;10;111.375;10.919230769230769;0.0;111.19038461538462
627;156;11;6.575280898876405;10.784269662921348;94.75730337078652;94.30561797752809
628;157;00;6.380841121495327;10.563084112149532;95.54205607476635;95.60747663551402
629;157;01;6.525125628140704;10.814070351758794;100.53015075376885;101.69095477386935
630;157;10;112.1076923076923;11.00576923076923;0.0;112.46153846153847
631;157;11;6.757303370786516;10.885393258426966;95.01573033707865;94.91011235955057
632;158;00;6.47196261682243;10.656542056074766;95.91355140186916;96.2733644859813
633;158;01;6.449748743718593;10.922110552763819;101.2035175879397;102.49497487437186
634;158;10;112.8923076923077;11.09423076923077;0.0;113.70769230769231
635;158;11;6.889887640449438;10.984269662921347;95.30786516853932;95.55730337078651
636;159;00;6.609813084112149;10.766355140186915;96.22429906542057;96.91588785046729
637;159;01;6.414572864321608;11.027638190954773;101.8391959798995;103.30150753768844
638;159;10;113.63653846153846;11.215384615384615;0.0;115.0173076923077
639;159;11;7.089887640449438;11.065168539325843;95.58202247191011;96.17303370786517
640;160;00;6.7733644859813085;10.866822429906541;96.54906542056075;97.56542056074767
641;160;01;6.3793969849246235;11.125628140703517;102.46482412060301;104.11557788944724
642;160;10;114.39807692307693;11.294230769230769;0.0;116.3173076923077
643;160;11;7.334831460674157;11.164044943820224;95.79101123595505;96.82247191011236
644;161;00;6.950934579439252;10.960280373831775;96.85280373831776;98.25
645;161;01;6.316582914572864;11.253768844221106;103.05527638190955;104.89195979899498
646;161;10;115.13653846153846;11.388461538461538;0.0;117.62307692307692
647;161;11;7.546067415730337;11.262921348314606;96.00224719101124;97.45168539325843
648;162;00;7.05607476635514;11.063084112149532;97.18691588785046;98.86214953271028
649;162;01;6.341708542713568;11.35175879396985;103.64321608040201;105.67085427135679
650;162;10;115.88846153846154;11.509615384615385;0.0;118.94615384615385
651;162;11;7.8;11.357303370786516;96.21797752808989;98.0876404494382
652;163;00;7.205607476635514;11.14018691588785;97.54205607476635;99.54906542056075
653;163;01;6.28140703517588;11.474874371859297;104.21356783919597;106.46733668341709
654;163;10;116.60961538461538;11.632692307692308;0.0;120.24615384615385
655;163;11;7.997752808988764;11.465168539325843;96.4494382022472;98.6876404494382
656;164;00;7.369158878504673;11.22429906542056;97.84345794392523;100.20327102803738
657;164;01;6.371859296482412;11.600502512562814;104.68090452261306;107.23366834170854
658;164;10;117.37115384615385;11.725;0.0;121.59807692307692
659;164;11;8.213483146067416;11.58876404494382;96.65842696629214;99.33707865168539
660;165;00;7.549065420560748;11.327102803738319;98.14485981308411;100.83644859813084
661;165;01;6.467336683417085;11.748743718592964;105.1105527638191;108.00753768844221
662;165;10;118.14038461538462;11.817307692307692;0.0;122.9673076923077
663;165;11;8.52808988764045;11.730337078651685;96.77752808988764;99.99550561797753
664;166;00;7.799065420560748;11.41588785046729;98.34579439252336;101.48598130841121
665;166;01;6.5376884422110555;11.839195979899497;105.59547738693468;108.71608040201005
666;166;10;118.93846153846154;11.892307692307693;0.0;124.3
667;166;11;8.730337078651685;11.822471910112359;96.99775280898876;100.62921348314607
668;167;00;7.997663551401869;11.52570093457944;98.61214953271028;102.13317757009345
669;167;01;6.658291457286432;11.969849246231156;106.01507537688443;109.49246231155779
670;167;10;119.71153846153847;11.982692307692307;0.0;125.65384615384616
671;167;11;9.065168539325843;11.89438202247191;97.18202247191012;101.2629213483146
672;168;00;8.205607476635514;11.607476635514018;98.88785046728972;102.81542056074767
673;168;01;6.7462311557788945;12.113065326633166;106.41708542713567;110.25125628140704
674;168;10;120.51538461538462;12.057692307692308;0.0;127.04807692307692
675;168;11;9.278651685393259;11.98876404494382;97.42921348314607;101.87640449438203
676;169;00;8.406542056074766;11.742990654205608;99.12616822429906;103.4696261682243
677;169;01;6.846733668341709;12.21859296482412;106.87185929648241;110.99748743718592
678;169;10;121.33846153846154;12.126923076923077;0.0;128.43653846153848
679;169;11;9.525842696629214;12.080898876404495;97.61573033707865;102.55505617977528
680;170;00;8.623831775700934;11.852803738317757;99.35981308411215;104.1144859813084
681;170;01;6.947236180904523;12.331658291457286;107.29145728643216;111.74371859296483
682;170;10;122.08269230769231;12.238461538461538;0.0;129.8403846153846
683;170;11;9.81123595505618;12.184269662921348;97.81123595505618;103.18876404494382
684;171;00;8.85981308411215;11.976635514018692;99.57943925233644;104.75934579439253
685;171;01;7.085427135678392;12.447236180904522;107.66834170854271;112.46231155778895
686;171;10;122.84615384615384;12.342307692307692;0.0;131.2596153846154
687;171;11;10.098876404494382;12.280898876404494;98.01797752808989;103.86516853932584
688;172;00;9.121495327102803;12.088785046728972;99.78271028037383;105.42523364485982
689;172;01;7.256281407035176;12.545226130653266;108.06030150753769;113.20854271356784
690;172;10;123.60576923076923;12.436538461538461;0.0;132.6673076923077
691;172;11;10.307865168539326;12.359550561797754;98.26966292134831;104.50337078651685
692;173;00;9.33411214953271;12.182242990654206;100.03504672897196;106.0911214953271
693;173;01;7.316582914572864;12.640703517587939;108.50251256281408;113.91457286432161
694;173;10;124.41923076923077;12.548076923076923;0.0;134.08076923076922
695;173;11;10.575280898876404;12.453932584269664;98.49213483146067;105.19550561797753
696;174;00;9.572429906542055;12.30373831775701;100.25700934579439;106.76401869158879
697;174;01;7.557788944723618;12.756281407035177;108.78894472361809;114.65577889447236
698;174;10;125.21538461538462;12.65;0.0;135.53846153846155
699;174;11;10.840449438202247;12.56629213483146;98.71011235955056;105.84719101123595
700;175;00;9.901869158878505;12.38551401869159;100.46495327102804;107.41588785046729
701;175;01;7.776381909547739;12.866834170854272;109.09798994974874;115.38442211055276
702;175;10;125.95769230769231;12.753846153846155;0.0;136.98653846153846
703;175;11;11.069662921348314;12.658426966292135;98.94606741573034;106.49438202247191
704;176;00;10.128504672897197;12.476635514018692;100.67757009345794;108.09579439252336
705;176;01;7.9874371859296485;12.969849246231156;109.4321608040201;116.14824120603015
706;176;10;126.76923076923077;12.834615384615384;0.0;138.43846153846152
707;176;11;11.379775280898876;12.75505617977528;99.14831460674158;107.2314606741573
708;177;00;10.313084112149532;12.58411214953271;100.97196261682242;108.79906542056075
709;177;01;8.198492462311558;13.06532663316583;109.78140703517587;116.86934673366834
710;177;10;127.59615384615384;12.907692307692308;0.0;139.91923076923078
711;177;11;11.680898876404495;12.851685393258427;99.31460674157303;107.88314606741574
712;178;00;10.61448598130841;12.689252336448599;101.20327102803738;109.46261682242991
713;178;01;8.339195979899497;13.138190954773869;110.1356783919598;117.5929648241206
714;178;10;128.34807692307692;13.038461538461538;0.0;141.4096153846154
715;178;11;11.975280898876404;12.9438202247191;99.53483146067416;108.56853932584269
716;179;00;10.855140186915888;12.792056074766355;101.41588785046729;110.16822429906541
717;179;01;8.575376884422111;13.253768844221106;110.44472361809045;118.31909547738694
718;179;10;129.15576923076924;13.132692307692308;0.0;142.9096153846154
719;179;11;12.229213483146067;13.03370786516854;99.77752808988764;109.24494382022472
720;180;00;11.175233644859814;12.873831775700934;101.63084112149532;110.82710280373831
721;180;01;8.902010050251256;13.359296482412061;110.6859296482412;119.06030150753769
722;180;10;129.9923076923077;13.234615384615385;0.0;144.40576923076924
723;180;11;12.552808988764045;13.137078651685393;99.97303370786517;109.95955056179776
724;181;00;11.483644859813085;12.976635514018692;101.8177570093458;111.55841121495327
725;181;01;9.14321608040201;13.462311557788945;110.93969849246231;119.78391959798995
726;181;10;130.77115384615385;13.313461538461539;0.0;145.9403846153846
727;181;11;12.808988764044944;13.251685393258427;100.19550561797753;110.65168539325843
728;182;00;11.77803738317757;13.063084112149532;102.05140186915888;112.23598130841121
729;182;01;9.457286432160805;13.532663316582914;111.19849246231156;120.51256281407035
730;182;10;131.58076923076922;13.426923076923076;0.0;147.4653846153846
731;182;11;13.137078651685393;13.334831460674158;100.39775280898877;111.35730337078651
732;183;00;12.009345794392523;13.19392523364486;102.2733644859813;112.92757009345794
733;183;01;9.658291457286433;13.628140703517587;111.51758793969849;121.2713567839196
734;183;10;132.39615384615385;13.559615384615384;0.0;148.99423076923077
735;183;11;13.429213483146068;13.440449438202247;100.64044943820225;112.04943820224719
736;184;00;12.266355140186915;13.27803738317757;102.57710280373831;113.63317757009345
737;184;01;9.952261306532664;13.743718592964823;111.76130653266331;122.00251256281408
738;184;10;133.15;13.659615384615385;0.0;150.53846153846155
739;184;11;13.692134831460674;13.5438202247191;100.84719101123595;112.77752808988764
740;185;00;12.542056074766355;13.371495327102803;102.80841121495327;114.35747663551402
741;185;01;10.233668341708542;13.839195979899497;112.02261306532664;122.76130653266331
742;185;10;133.94230769230768;13.757692307692308;0.0;152.10961538461538
743;185;11;14.065168539325843;13.64494382022472;101.03370786516854;113.47865168539326
744;186;00;12.83177570093458;13.492990654205608;103.00467289719626;115.08878504672897
745;186;01;10.537688442211055;13.944723618090451;112.29899497487438;123.48743718592965
746;186;10;134.76346153846154;13.878846153846155;0.0;153.70384615384614
747;186;11;14.35505617977528;13.73932584269663;101.26741573033708;114.22247191011236
748;187;00;13.147196261682243;13.593457943925234;103.21495327102804;115.80373831775701
749;187;01;10.804020100502512;14.045226130653266;112.55276381909547;124.23115577889448
750;187;10;135.55384615384617;13.976923076923077;0.0;155.2596153846154
751;187;11;14.685393258426966;13.842696629213483;101.4808988764045;114.93033707865169
752;188;00;13.462616822429906;13.67056074766355;103.47897196261682;116.52570093457943
753;188;01;11.195979899497488;14.128140703517587;112.75879396984925;125.00502512562814
754;188;10;136.39038461538462;14.088461538461539;0.0;156.825
755;188;11;14.995505617977528;13.9438202247191;101.69438202247191;115.69213483146068
756;189;00;13.80373831775701;13.764018691588785;103.66822429906541;117.26869158878505
757;189;01;11.5;14.238693467336683;112.98241206030151;125.75879396984925
758;189;10;137.20576923076922;14.21923076923077;0.0;158.45384615384614
759;189;11;15.287640449438202;14.044943820224718;101.91011235955057;116.4247191011236
760;190;00;14.05373831775701;13.855140186915888;103.94859813084112;118.01168224299066
761;190;01;11.801507537688442;14.334170854271356;113.2713567839196;126.51758793969849
762;190;10;137.99807692307692;14.332692307692307;0.0;160.0730769230769
763;190;11;15.620224719101124;14.121348314606742;102.17528089887641;117.17752808988764
764;191;00;14.373831775700934;13.992990654205608;104.14252336448598;118.73364485981308
765;191;01;12.090452261306533;14.457286432160805;113.49748743718592;127.30653266331659
766;191;10;138.76153846153846;14.436538461538461;0.0;161.71346153846153
767;191;11;15.932584269662922;14.208988764044944;102.42247191011236;117.93258426966293
768;192;00;14.72429906542056;14.107476635514018;104.34345794392523;119.50233644859813
769;192;01;12.412060301507537;14.547738693467336;113.76633165829146;128.0929648241206
770;192;10;139.6326923076923;14.528846153846153;0.0;163.35
771;192;11;16.21123595505618;14.319101123595505;102.67640449438203;118.68988764044944
772;193;00;15.046728971962617;14.207943925233645;104.57476635514018;120.23598130841121
773;193;01;12.726130653266331;14.670854271356784;114.02261306532664;128.87939698492463
774;193;10;140.43846153846152;14.634615384615385;0.0;164.98653846153846
775;193;11;16.496629213483146;14.440449438202247;102.95280898876405;119.42921348314607
776;194;00;15.357476635514018;14.310747663551401;104.81308411214954;121.00700934579439
777;194;01;13.077889447236181;14.756281407035177;114.26633165829146;129.64572864321607
778;194;10;141.2076923076923;14.746153846153845;0.0;166.63653846153846
779;194;11;16.8561797752809;14.552808988764045;103.14606741573034;120.22247191011236
780;195;00;15.677570093457945;14.411214953271028;105.03504672897196;121.77803738317758
781;195;01;13.474874371859297;14.831658291457286;114.49497487437186;130.43467336683418
782;195;10;142.08653846153845;14.830769230769231;0.0;168.35192307692307
783;195;11;17.150561797752808;14.678651685393259;103.4;121.00674157303371
784;196;00;15.985981308411215;14.521028037383177;105.29439252336448;122.57242990654206
785;196;01;13.836683417085426;14.93969849246231;114.68341708542714;131.21608040201005
786;196;10;142.9403846153846;14.930769230769231;0.0;170.0096153846154
787;196;11;17.37303370786517;14.78876404494382;103.7370786516854;121.76179775280899
788;197;00;16.296728971962615;14.626168224299066;105.54906542056075;123.32242990654206
789;197;01;14.160804020100503;15.035175879396984;114.95979899497488;132.03517587939697
790;197;10;143.71923076923076;15.01923076923077;0.0;171.69230769230768
791;197;11;17.665168539325844;14.892134831460675;104.02247191011236;122.53033707865168
792;198;00;16.55841121495327;14.712616822429906;105.89018691588785;124.09579439252336
793;198;01;14.535175879396984;15.130653266331658;115.19849246231156;132.856783919598
794;198;10;144.53846153846155;15.109615384615385;0.0;173.43846153846152
795;198;11;17.979775280898878;14.993258426966293;104.2876404494382;123.33258426966292
796;199;00;16.82943925233645;14.817757009345794;106.17757009345794;124.9088785046729
797;199;01;14.85175879396985;15.238693467336683;115.45979899497488;133.65075376884423
798;199;10;145.3846153846154;15.226923076923077;0.0;175.1326923076923
799;199;11;18.251685393258427;15.114606741573034;104.57752808988764;124.13932584269664
800;200;00;17.177570093457945;14.901869158878505;106.46028037383178;125.66355140186916
801;200;01;15.188442211055277;15.339195979899497;115.76130653266331;134.48743718592965
802;200;10;146.22884615384615;15.309615384615384;0.0;176.85192307692307
803;200;11;18.519101123595505;15.224719101123595;104.88314606741574;124.92359550561798
804;201;00;17.47897196261682;15.02570093457944;106.69392523364486;126.45327102803738
805;201;01;15.552763819095478;15.419597989949748;116.01507537688443;135.29396984924622
806;201;10;147.02115384615385;15.425;0.0;178.6
807;201;11;18.831460674157302;15.325842696629213;105.1685393258427;125.72808988764045
808;202;00;17.785046728971963;15.10981308411215;107.02803738317758;127.29672897196262
809;202;01;15.899497487437186;15.507537688442211;116.3140703517588;136.1532663316583
810;202;10;147.8576923076923;15.521153846153846;0.0;180.34230769230768
811;202;11;19.069662921348314;15.438202247191011;105.49887640449438;126.54157303370786
812;203;00;18.046728971962615;15.212616822429906;107.35280373831776;128.10747663551402
813;203;01;16.22613065326633;15.575376884422111;116.63065326633166;136.98492462311557
814;203;10;148.68653846153848;15.64423076923077;0.0;182.11153846153846
815;203;11;19.370786516853933;15.555056179775281;105.81123595505618;127.34831460674157
816;204;00;18.343457943925234;15.33177570093458;107.61915887850468;128.9158878504673
817;204;01;16.603015075376884;15.675879396984925;116.86934673366834;137.8140703517588
818;204;10;149.49807692307692;15.75;0.0;183.92307692307693
819;204;11;19.629213483146067;15.671910112359551;106.1191011235955;128.1505617977528
820;205;00;18.647196261682243;15.460280373831775;107.91355140186916;129.71028037383178
821;205;01;16.974874371859297;15.766331658291458;117.15829145728644;138.66582914572865
822;205;10;150.275;15.878846153846155;0.0;185.6846153846154
823;205;11;19.874157303370787;15.782022471910112;106.5191011235955;128.97078651685393
824;206;00;18.964953271028037;15.551401869158878;108.21028037383178;130.52803738317758
825;206;01;17.2964824120603;15.85678391959799;117.49497487437186;139.52763819095478
826;206;10;151.1903846153846;15.976923076923077;0.0;187.4826923076923
827;206;11;20.092134831460672;15.896629213483147;106.88539325842697;129.82022471910113
828;207;00;19.30607476635514;15.64018691588785;108.50467289719626;131.3714953271028
829;207;01;17.64824120603015;15.974874371859297;117.76130653266331;140.40452261306532
830;207;10;151.95961538461538;16.08269230769231;0.0;189.26538461538462
831;207;11;20.319101123595505;16.02247191011236;107.23595505617978;130.66516853932583
832;208;00;19.626168224299064;15.761682242990654;108.79439252336448;132.2336448598131
833;208;01;18.022613065326635;16.082914572864322;118.05025125628141;141.25125628140702
834;208;10;152.85;16.18846153846154;0.0;191.08461538461538
835;208;11;20.55056179775281;16.1123595505618;107.64494382022473;131.49887640449438
836;209;00;19.960280373831775;15.883177570093459;109.07476635514018;133.05373831775702
837;209;01;18.41457286432161;16.178391959798994;118.30904522613065;142.14070351758795
838;209;10;153.7153846153846;16.267307692307693;0.0;192.91538461538462
839;209;11;20.81573033707865;16.23370786516854;107.98876404494382;132.32134831460675
840;210;00;20.200934579439252;16.0;109.46028037383178;133.89719626168224
841;210;01;18.781407035175878;16.28894472361809;118.59547738693468;142.99497487437185
842;210;10;154.53653846153847;16.351923076923075;0.0;194.75
843;210;11;21.031460674157305;16.36179775280899;108.37078651685393;133.1820224719101
844;211;00;20.450934579439252;16.126168224299064;109.7733644859813;134.7336448598131
845;211;01;19.09547738693467;16.399497487437184;118.90452261306532;143.8643216080402
846;211;10;155.3846153846154;16.45576923076923;0.0;196.5903846153846
847;211;11;21.251685393258427;16.49438202247191;108.72808988764045;134.00449438202247
848;212;00;20.66355140186916;16.247663551401867;110.19158878504673;135.57009345794393
849;212;01;19.502512562814072;16.50502512562814;119.19095477386935;144.78140703517587
850;212;10;156.2923076923077;16.56153846153846;0.0;198.46730769230768
851;212;11;21.485393258426967;16.62696629213483;109.11685393258426;134.82696629213484
852;213;00;20.976635514018692;16.373831775700936;110.50233644859813;136.44859813084113
853;213;01;19.819095477386934;16.628140703517587;119.52010050251256;145.71608040201005
854;213;10;157.05384615384617;16.665384615384614;0.0;200.325
855;213;11;21.658426966292136;16.75505617977528;109.53707865168539;135.67415730337078
856;214;00;21.149532710280372;16.49532710280374;110.92757009345794;137.30607476635515
857;214;01;20.100502512562816;16.728643216080403;119.9070351758794;146.59798994974875
858;214;10;157.96730769230768;16.759615384615383;0.0;202.2576923076923
859;214;11;21.808988764044944;16.910112359550563;109.96404494382023;136.53258426966292
860;215;00;21.399532710280372;16.63317757009346;111.29906542056075;138.16822429906543
861;215;01;20.42462311557789;16.819095477386934;120.25628140703517;147.4924623115578
862;215;10;158.86346153846154;16.875;0.0;204.12115384615385
863;215;11;21.921348314606742;17.053932584269663;110.42921348314607;137.361797752809
864;216;00;21.647196261682243;16.74532710280374;111.69859813084112;139.02803738317758
865;216;01;20.731155778894472;16.899497487437184;120.65326633165829;148.42713567839195
866;216;10;159.64615384615385;16.996153846153845;0.0;206.0423076923077
867;216;11;22.085393258426965;17.191011235955056;110.90337078651686;138.23595505617976
868;217;00;21.873831775700936;16.838785046728972;112.14719626168224;139.92523364485982
869;217;01;21.09547738693467;17.015075376884422;120.99246231155779;149.35929648241205
870;217;10;160.525;17.096153846153847;0.0;207.98653846153846
871;217;11;22.226966292134833;17.330337078651684;111.35955056179775;139.07865168539325
872;218;00;22.011682242990656;16.962616822429908;112.60514018691589;140.77803738317758
873;218;01;21.386934673366834;17.105527638190956;121.38442211055276;150.29396984924622
874;218;10;161.3673076923077;17.20576923076923;0.0;209.89615384615385
875;218;11;22.31685393258427;17.47865168539326;111.84044943820224;139.97303370786517
876;219;00;22.2196261682243;17.07943925233645;113.0303738317757;141.64719626168224
877;219;01;21.66331658291457;17.231155778894472;121.75628140703517;151.23366834170855
878;219;10;162.26923076923077;17.31153846153846;0.0;211.86153846153846
879;219;11;22.426966292134832;17.635955056179775;112.34831460674157;140.82022471910113
880;220;00;22.373831775700936;17.247663551401867;113.4696261682243;142.53271028037383
881;220;01;21.982412060301506;17.349246231155778;122.11809045226131;152.18341708542712
882;220;10;163.1153846153846;17.41730769230769;0.0;213.79423076923078
883;220;11;22.420224719101125;17.81123595505618;112.8629213483146;141.67191011235954
884;221;00;22.52102803738318;17.4088785046729;113.92523364485982;143.41355140186917
885;221;01;22.314070351758794;17.462311557788944;122.49497487437186;153.1105527638191
886;221;10;164.0;17.509615384615383;0.0;215.76153846153846
887;221;11;22.474157303370788;17.95505617977528;113.42247191011236;142.50112359550562
888;222;00;22.710280373831775;17.55607476635514;114.36682242990655;144.29906542056074
889;222;01;22.59547738693467;17.59045226130653;122.88190954773869;154.07035175879398
890;222;10;164.8326923076923;17.640384615384615;0.0;217.71153846153845
891;222;11;22.51685393258427;18.15505617977528;113.90786516853933;143.361797752809
892;223;00;22.824766355140188;17.72196261682243;114.80607476635514;145.20093457943926
893;223;01;22.907035175879397;17.718592964824122;123.26130653266331;155.0175879396985
894;223;10;165.74615384615385;17.751923076923077;0.0;219.75192307692308
895;223;11;22.552808988764045;18.307865168539326;114.4808988764045;144.19325842696628
896;224;00;22.901869158878505;17.901869158878505;115.30140186915888;146.03971962616822
897;224;01;23.223618090452263;17.84673366834171;123.60301507537689;155.97989949748742
898;224;10;166.61346153846154;17.851923076923075;0.0;221.7423076923077
899;224;11;22.51685393258427;18.525842696629212;114.99550561797753;145.04044943820224
900;225;00;22.953271028037385;18.072429906542055;115.85514018691589;146.94626168224298
901;225;01;23.459798994974875;17.969849246231156;124.06030150753769;156.94221105527637
902;225;10;167.45;17.95769230769231;0.0;223.73846153846154
903;225;11;22.435955056179775;18.725842696629215;115.60449438202247;145.8876404494382
904;226;00;23.13317757009346;18.205607476635514;116.29439252336448;147.84112149532712
905;226;01;23.633165829145728;18.118090452261306;124.54522613065326;157.90452261306532
906;226;10;168.37884615384615;18.065384615384616;0.0;225.7846153846154
907;226;11;22.368539325842697;18.95505617977528;116.16404494382023;146.7078651685393
908;227;00;23.200934579439252;18.41355140186916;116.79906542056075;148.6822429906542
909;227;01;23.902010050251256;18.253768844221106;124.94221105527639;158.89195979899498
910;227;10;169.25192307692308;18.15576923076923;0.0;227.84230769230768
911;227;11;22.292134831460675;19.18426966292135;116.73033707865169;147.55505617977528
912;228;00;23.21728971962617;18.600467289719628;117.32009345794393;149.57009345794393
913;228;01;24.09547738693467;18.3643216080402;125.44472361809045;159.88693467336682
914;228;10;170.1326923076923;18.240384615384617;0.0;229.87115384615385
915;228;11;22.23370786516854;19.435955056179775;117.25168539325843;148.3752808988764
916;229;00;23.19158878504673;18.794392523364486;117.90654205607477;150.44158878504672
917;229;01;24.306532663316585;18.477386934673365;125.96231155778895;160.83668341708542
918;229;10;171.04615384615386;18.33269230769231;0.0;231.93846153846152
919;229;11;22.10112359550562;19.674157303370787;117.8808988764045;149.17752808988763
920;230;00;23.261682242990656;19.011682242990656;118.4088785046729;151.31308411214954
921;230;01;24.454773869346734;18.62562814070352;126.48241206030151;161.8391959798995
922;230;10;171.93076923076924;18.43076923076923;0.0;234.01153846153846
923;230;11;21.905617977528088;19.97303370786517;118.45393258426967;150.0067415730337
924;231;00;23.1588785046729;19.247663551401867;118.97897196261682;152.19158878504672
925;231;01;24.58040201005025;18.741206030150753;127.03517587939699;162.82412060301507
926;231;10;172.87884615384615;18.517307692307693;0.0;236.08653846153845
927;231;11;21.741573033707866;20.32808988764045;118.98426966292135;150.81348314606743
928;232;00;23.02570093457944;19.47897196261682;119.6214953271028;153.0467289719626
929;232;01;24.736180904522612;18.87939698492462;127.52763819095478;163.821608040201
930;232;10;173.73653846153846;18.628846153846155;0.0;238.20576923076922
931;232;11;21.59550561797753;20.67865168539326;119.47191011235955;151.62921348314606
932;233;00;22.97897196261682;19.712616822429908;120.17289719626169;153.95093457943926
933;233;01;24.77386934673367;19.042713567839197;128.1532663316583;164.81909547738692
934;233;10;174.6346153846154;18.734615384615385;0.0;240.31923076923076
935;233;11;21.435955056179775;21.080898876404493;119.92584269662922;152.44044943820225
936;234;00;22.86214953271028;19.97196261682243;120.76401869158879;154.77570093457945
937;234;01;24.894472361809044;19.150753768844222;128.7110552763819;165.79145728643215
938;234;10;175.5346153846154;18.846153846153847;0.0;242.44615384615383
939;234;11;21.17752808988764;21.485393258426967;120.46067415730337;153.2449438202247
940;235;00;22.8411214953271;20.240654205607477;121.26869158878505;155.60280373831776
941;235;01;24.964824120603016;19.314070351758794;129.30653266331657;166.81155778894473
942;235;10;176.41346153846155;18.94423076923077;0.0;244.58653846153845
943;235;11;20.991011235955057;21.889887640449437;120.95505617977528;154.02022471910112
944;236;00;22.759345794392523;20.549065420560748;121.75700934579439;156.46728971962617
945;236;01;24.997487437185928;19.479899497487438;129.88693467336682;167.78140703517587
946;236;10;177.26153846153846;19.04230769230769;0.0;246.7326923076923
947;236;11;20.77078651685393;22.27640449438202;121.42696629213484;154.7685393258427
948;237;00;22.64252336448598;20.88317757009346;122.26869158878505;157.28504672897196
949;237;01;25.087939698492463;19.64824120603015;130.42713567839195;168.76130653266333
950;237;10;178.21153846153845;19.138461538461538;0.0;248.89615384615385
951;237;11;20.631460674157303;22.75056179775281;121.75955056179775;155.5820224719101
952;238;00;22.507009345794394;21.24532710280374;122.75467289719626;158.12616822429908
953;238;01;25.193467336683415;19.829145728643216;131.01507537688443;169.76381909547737
954;238;10;179.08653846153845;19.25769230769231;0.0;251.03846153846155
955;238;11;20.413483146067417;23.31685393258427;122.10337078651685;156.34606741573035
956;239;00;22.364485981308412;21.69158878504673;123.17523364485982;158.96495327102804
957;239;01;25.21105527638191;19.984924623115578;131.65075376884423;170.75125628140702
958;239;10;179.9653846153846;19.375;0.0;253.22115384615384
959;239;11;20.2;23.93932584269663;122.37303370786516;157.08988764044943
960;240;00;22.130841121495326;22.08644859813084;123.72897196261682;159.76168224299064
961;240;01;25.21608040201005;20.178391959798994;132.28140703517587;171.72613065326632
962;240;10;180.85576923076923;19.496153846153845;0.0;255.43269230769232
963;240;11;19.92359550561798;24.59325842696629;122.66292134831461;157.86292134831461
964;241;00;21.962616822429908;22.476635514018692;124.22196261682242;160.59579439252337
965;241;01;24.987437185929647;20.36934673366834;133.07035175879398;172.70100502512562
966;241;10;181.8;19.571153846153845;0.0;257.625
967;241;11;19.689887640449438;25.32134831460674;122.81123595505618;158.6134831460674
968;242;00;21.75;22.927570093457945;124.66588785046729;161.40887850467288
969;242;01;24.987437185929647;20.560301507537687;133.678391959799;173.71356783919597
970;242;10;182.66346153846155;19.66730769230769;0.0;259.87115384615385
971;242;11;19.397752808988763;26.0561797752809;123.00449438202247;159.3752808988764
972;243;00;21.518691588785046;23.439252336448597;125.0911214953271;162.22429906542055
973;243;01;24.92211055276382;20.768844221105528;134.36934673366835;174.7211055276382
974;243;10;183.6769230769231;19.746153846153845;0.0;262.0769230769231
975;243;11;19.0876404494382;26.97752808988764;123.04269662921348;160.13033707865168
976;244;00;21.207943925233646;24.070093457943926;125.49532710280374;163.02570093457945
977;244;01;24.83668341708543;20.984924623115578;135.02763819095478;175.67336683417085
978;244;10;184.53076923076924;19.838461538461537;0.0;264.33846153846156
979;244;11;18.768539325842696;27.92359550561798;123.06067415730337;160.8494382022472
980;245;00;20.86214953271028;24.66588785046729;125.87616822429906;163.8177570093458
981;245;01;24.7035175879397;21.21356783919598;135.71859296482413;176.63316582914572
982;245;10;185.525;19.942307692307693;0.0;266.61346153846154
983;245;11;18.462921348314605;28.9438202247191;123.00224719101124;161.62247191011235
984;246;00;20.684579439252335;25.373831775700936;126.09345794392523;164.6051401869159
985;246;01;24.675879396984925;21.49497487437186;136.2889447236181;177.57788944723617
986;246;10;186.375;20.040384615384614;0.0;268.88653846153846
987;246;11;18.11685393258427;30.080898876404493;122.85617977528089;162.33932584269664
988;247;00;20.38785046728972;26.016355140186917;126.40186915887851;165.39252336448598
989;247;01;24.542713567839197;21.768844221105528;136.93718592964825;178.53266331658293
990;247;10;187.34615384615384;20.128846153846155;0.0;271.1403846153846
991;247;11;17.808988764044944;31.283146067415732;122.58651685393258;163.08314606741573
992;248;00;20.065420560747665;26.827102803738317;126.61915887850468;166.17757009345794
993;248;01;24.34673366834171;22.123115577889447;137.57286432160805;179.45226130653268
994;248;10;188.15384615384616;20.234615384615385;0.0;273.4442307692308
995;248;11;17.38876404494382;32.67640449438202;122.2629213483146;163.80674157303372
996;249;00;19.796728971962615;27.72897196261682;126.64485981308411;166.95794392523365
997;249;01;24.178391959798994;22.444723618090453;138.22361809045225;180.42964824120602
998;249;10;189.175;20.31346153846154;0.0;275.77884615384613
999;249;11;17.1123595505618;34.03820224719101;121.78876404494382;164.5573033707865
